,City,Cloudiness,Country,Date,Humidity,Lat,Lng,Max temp,Wind Speed
0,Black River,20,JM,1564016043,79,18.03,-77.85,84.2,11.41
1,Muros,40,ES,1564016044,93,42.77,-9.06,71.01,11.41
2,Bethel,90,US,1564016046,100,60.79,-161.76,60.8,12.75
3,Vaini,75,IN,1564016047,94,15.34,74.49,71.6,9.17
4,Pimentel,22,BR,1564016048,86,-3.7,-45.5,73.91,2.06
5,Katsuura,75,JP,1564016049,88,33.93,134.5,84.99,4.7
6,Severo-Kurilsk,100,RU,1564016051,92,50.68,156.12,47.04,11.25
7,Fukue,75,JP,1564016052,83,35.03,136.69,89.01,6.93
8,Tomatlan,67,MX,1564016053,68,19.93,-105.25,83.78,4.0
9,Egvekinot,95,RU,1564015836,74,66.32,-179.17,47.81,7.4
10,Vao,8,EE,1564016056,80,59.1,26.19,63.98,3.87
11,Aykhal,40,RU,1564016057,45,65.95,111.51,66.2,2.24
12,Puerto Ayora,20,EC,1564016058,78,-0.74,-90.35,71.6,20.8
13,Gummidipundi,90,IN,1564016059,100,13.42,80.13,78.8,6.93
14,Chicama,90,PE,1564016061,87,-7.84,-79.15,60.8,16.11
15,Punta Arenas,0,CL,1564016062,86,-53.16,-70.91,39.2,9.17
16,Srednekolymsk,94,RU,1564016064,53,67.46,153.71,50.31,3.65
17,San Jose,20,HN,1564016011,55,14.25,-87.96,86.0,10.29
18,Corrales,89,CO,1564016066,95,5.83,-72.84,47.42,2.95
19,Upernavik,0,GL,1564016067,85,72.79,-56.15,46.01,8.08
20,Constitucion,90,MX,1564016069,60,23.99,-104.67,70.0,4.7
21,Nichinan,40,JP,1564016070,74,31.65,131.31,84.2,6.93
22,Salalah,90,OM,1564016071,100,17.01,54.1,77.0,9.17
23,Rajapur,100,BD,1564016072,84,22.57,90.14,81.76,5.44
24,Isetskoye,0,RU,1564016073,85,56.49,65.32,50.73,7.54
25,Rikitea,0,PF,1564016075,80,-23.12,-134.97,74.24,7.72
26,Hillsborough,1,US,1564016076,82,37.57,-122.38,89.01,13.87
27,Esperance,75,AU,1564016077,100,-33.86,121.89,53.6,8.05
28,Tuktoyaktuk,75,CA,1564016079,48,69.44,-133.03,62.6,20.8
29,Qaanaaq,93,GL,1564016080,53,77.48,-69.36,46.57,5.79
30,Smithers,40,CA,1564016081,34,54.78,-127.17,68.0,13.87
31,Tuatapere,97,NZ,1564016083,87,-46.13,167.69,48.0,1.01
32,Yellowknife,75,CA,1564016084,36,62.45,-114.38,78.8,8.05
33,Trinidad,100,BO,1564015999,61,-14.83,-64.9,59.6,7.99
34,Airai,49,TL,1564016086,47,-8.93,125.41,76.02,1.83
35,Lavumisa,0,ZA,1564016087,69,-27.31,31.88,48.89,4.43
36,Mataura,99,NZ,1564016089,87,-46.19,168.86,48.0,1.01
37,Thompson,75,CA,1564016090,37,55.74,-97.86,86.0,5.82
38,Minyar,0,RU,1564016091,94,55.07,57.55,53.59,2.91
39,Letka,0,BA,1564016092,53,43.74,17.27,75.2,4.7
40,Aqtobe,0,KZ,1564016094,55,50.28,57.21,64.4,4.47
41,San Cristobal,100,HN,1564016095,61,14.68,-86.92,77.35,9.31
42,Hilo,90,US,1564016096,61,19.71,-155.08,82.4,14.99
43,Salinopolis,14,BR,1564016097,79,-0.61,-47.36,81.45,14.99
44,Ribeira Grande,71,PT,1564016098,69,38.52,-28.7,67.83,18.37
45,Yendi,42,GH,1564016100,89,9.45,0.0,73.98,3.6
46,Saskylakh,94,RU,1564016101,66,71.97,114.09,50.39,10.38
47,Torbay,90,CA,1564016102,100,47.66,-52.73,60.01,3.36
48,Port Hawkesbury,90,CA,1564016104,93,45.62,-61.36,66.0,3.36
49,Anloga,20,GH,1564016105,88,5.79,0.9,77.0,9.17
50,Avarua,6,CK,1564016106,65,-21.21,-159.78,77.0,9.17
51,Pisco,0,PE,1564016107,77,-13.71,-76.2,62.6,18.34
52,Nikolskoye,40,RU,1564016109,72,59.7,30.79,60.8,6.71
53,Merauke,18,ID,1564016110,74,-8.49,140.4,76.81,24.23
54,Umm Kaddadah,8,SD,1564016111,39,13.6,26.69,87.59,12.28
55,Vrangel,100,RU,1564016113,97,42.73,133.08,69.83,3.11
56,Usinsk,78,RU,1564016114,64,66.0,57.56,52.55,5.41
57,Cape Town,40,ZA,1564016115,87,-33.93,18.42,55.0,13.87
58,Busselton,100,AU,1564016117,70,-33.64,115.35,54.0,18.77
59,Talnakh,0,RU,1564016118,58,69.49,88.39,57.2,29.08
60,Mahebourg,75,MU,1564016119,88,-20.41,57.7,69.8,17.22
61,Cubuk,40,TR,1564016120,63,40.24,33.03,66.2,4.7
62,Carnarvon,0,ZA,1564016122,66,-30.97,22.13,39.26,9.13
63,Codrington,90,AU,1564016123,71,-28.95,153.24,62.6,2.82
64,Lata,93,IN,1564016124,78,30.78,78.62,43.94,3.11
65,Namibe,63,AO,1564016126,85,-15.19,12.15,66.62,2.51
66,Qaqortoq,98,GL,1564016127,66,60.72,-46.03,50.0,4.7
67,Port Lincoln,100,AU,1564016128,85,-34.72,135.86,57.05,17.76
68,Port Alfred,0,ZA,1564016050,55,-33.59,26.89,57.0,5.99
69,Albany,1,US,1564015851,60,42.65,-73.75,73.99,3.47
70,Biltine,3,TD,1564016132,40,14.53,20.93,88.64,6.55
71,Port Elizabeth,1,US,1564016133,73,39.31,-74.98,78.01,3.36
72,Sitka,0,US,1564016135,35,37.17,-99.65,86.0,11.99
73,Cidreira,100,BR,1564016136,95,-30.17,-50.22,60.02,13.53
74,Zhezkazgan,0,KZ,1564016137,56,47.8,67.71,66.71,7.49
75,Atuona,2,PF,1564015995,73,-9.8,-139.03,80.91,15.79
76,Nanortalik,100,GL,1564016140,92,60.14,-45.24,39.5,2.51
77,Saint George,20,GR,1564016142,68,39.45,22.34,71.6,3.29
78,Port-Gentil,29,GA,1564016143,84,-0.72,8.78,75.59,13.62
79,Hithadhoo,11,MV,1564016144,66,-0.6,73.08,82.66,2.15
80,Gamba,100,CN,1564016146,64,28.28,88.52,45.38,2.93
81,Leningradskiy,100,RU,1564016147,91,69.38,178.42,38.74,10.74
82,Tasiilaq,71,GL,1564016148,87,65.61,-37.64,44.6,5.82
83,Adre,36,TD,1564016150,58,13.47,22.2,79.47,7.29
84,Tiksi,100,RU,1564016000,60,71.64,128.87,49.85,4.27
85,Duverge,96,DO,1564016152,85,18.38,-71.52,72.71,2.89
86,Chokurdakh,100,RU,1564016153,67,70.62,147.9,45.47,9.1
87,Georgetown,20,GY,1564016154,78,6.8,-58.16,82.4,9.17
88,Kaitangata,66,NZ,1564016156,67,-46.28,169.85,51.01,4.0
89,Vardo,90,US,1564016157,83,39.62,-77.74,72.0,2.82
90,Leh,63,IN,1564016160,42,34.16,77.58,45.85,1.1
91,East London,0,ZA,1564016161,46,-33.02,27.91,49.16,4.23
92,Bredasdorp,0,ZA,1564016162,91,-34.53,20.04,46.35,6.02
93,Arraial do Cabo,0,BR,1564016163,88,-22.97,-42.02,69.8,8.05
94,Berlevag,92,NO,1564016165,94,70.86,29.09,50.35,16.51
95,Punta Cardon,100,VE,1564016166,79,11.61,-70.22,80.23,30.71
96,Hermanus,14,ZA,1564016168,82,-34.42,19.24,54.0,11.99
97,Oktyabrskoye,90,RU,1564016169,100,56.73,85.44,57.0,2.19
98,Bathsheba,40,BB,1564016171,83,13.22,-59.52,80.6,9.17
99,Lompoc,1,US,1564016172,52,34.64,-120.46,86.0,6.93
100,Saldanha,0,PT,1564016173,41,41.42,-6.55,69.68,2.59
101,Marrakesh,0,MA,1564016174,48,31.63,-7.99,82.4,3.67
102,Puro,0,PH,1564016176,77,13.13,123.76,82.73,4.14
103,Moses Lake,1,US,1564016178,21,47.13,-119.28,82.4,9.17
104,Longyearbyen,0,NO,1564016181,69,78.22,15.63,44.6,10.29
105,Ossora,94,RU,1564016182,46,59.24,163.07,60.27,6.67
106,Paamiut,100,GL,1564016183,92,61.99,-49.67,39.5,4.56
107,Hamilton,40,CA,1564016058,56,43.26,-79.87,77.0,3.36
108,Kavieng,87,PG,1564016186,80,-2.57,150.8,82.48,17.56
109,Dikson,100,RU,1564016188,96,73.51,80.55,35.1,11.34
110,Mastic Beach,1,US,1564016189,77,40.77,-72.85,75.99,8.86
111,Kiunga,100,PG,1564016190,98,-6.12,141.3,70.62,2.17
112,Kedgwick,1,CA,1564016191,71,47.65,-67.35,55.62,4.14
113,Dingle,76,PH,1564016082,84,11.0,122.67,80.05,8.66
114,Lorengau,89,PG,1564016194,79,-2.02,147.27,82.0,13.24
115,Marawi,55,PH,1564016195,74,8.0,124.29,82.0,1.01
116,Kavaratti,75,IN,1564016197,79,10.57,72.64,81.71,14.74
117,Los Llanos de Aridane,20,ES,1564016198,83,28.66,-17.92,71.6,11.41
118,Lucea,20,JM,1564016199,79,18.44,-78.17,84.2,11.41
119,Rio Grande,100,BR,1564016200,98,-32.03,-52.1,54.0,5.75
120,Khatanga,49,RU,1564016202,52,71.98,102.47,55.73,5.61
121,Aklavik,75,CA,1564016203,39,68.22,-135.01,78.8,13.87
122,Yatou,75,CM,1564016204,100,3.63,9.81,77.0,4.7
123,Cockburn Town,1,TC,1564016206,81,21.46,-71.14,83.06,17.58
124,Barrow,0,AR,1564016208,51,-38.31,-60.23,42.36,6.8
125,Liverpool,0,GB,1564015958,88,53.41,-2.98,66.99,5.82
126,Trairi,69,BR,1564015916,85,-3.28,-39.27,71.81,3.65
127,Ushuaia,75,AR,1564016212,86,-54.81,-68.31,37.4,6.49
128,Hobart,75,AU,1564016004,62,-42.88,147.33,55.0,8.05
129,Lazurne,53,UA,1564016215,77,46.77,34.99,65.42,6.31
130,Kenora,0,CA,1564016216,54,49.76,-94.48,78.8,5.82
131,Bluff,18,AU,1564016217,33,-23.58,149.07,68.14,9.1
132,Tautira,40,PF,1564016218,66,-17.73,-149.15,86.0,5.82
133,Kapaa,20,US,1564016219,62,22.08,-159.32,87.8,12.75
134,Mar del Plata,1,AR,1564016221,71,-46.43,-67.52,41.46,8.25
135,Bilma,66,NE,1564016222,18,18.69,12.92,95.03,5.59
136,Pacific Grove,1,US,1564016211,22,36.62,-121.92,96.8,16.11
137,Tunduma,0,ZM,1564016224,62,-9.31,32.77,52.13,5.03
138,Seoul,90,KR,1564016204,88,37.57,126.98,80.6,11.05
139,Mumford,34,GH,1564016227,89,5.26,-0.76,73.46,3.91
140,Sioux Lookout,20,CA,1564015987,44,50.1,-91.92,80.6,8.05
141,Shingu,75,JP,1564016229,74,33.72,135.99,82.4,4.7
142,Racine,5,US,1564016230,50,42.73,-87.78,78.8,4.99
143,Kenai,75,US,1564016231,77,60.55,-151.26,63.0,9.17
144,Marsh Harbour,37,BS,1564016233,74,26.54,-77.06,84.59,11.63
145,Sovetskiy,71,RU,1564016234,87,56.76,48.47,57.64,4.56
146,Butaritari,54,KI,1564016236,67,3.07,172.79,84.91,6.26
147,Soyo,0,AO,1564016237,87,-6.13,12.37,71.09,13.8
148,Vila Velha,20,BR,1564016238,74,-3.71,-38.6,86.0,9.17
149,Sechura,16,PE,1564016239,85,-5.56,-80.82,65.29,16.93
150,Santa Barbara,1,US,1564015952,26,34.42,-119.7,91.99,12.75
151,Narsaq,98,GL,1564016242,66,60.91,-46.05,50.0,4.7
152,Victoria,75,BN,1564016015,88,5.28,115.24,78.8,2.24
153,Jacinto City,1,US,1564016244,39,29.77,-95.23,87.01,6.93
154,Veseloyarsk,99,RU,1564016245,92,51.29,81.11,58.56,2.28
155,Isangel,75,VU,1564016247,65,-19.55,169.27,77.0,5.82
156,Vostok,100,RU,1564016248,97,46.45,135.83,64.66,4.56
157,Sile,100,US,1564016249,41,35.56,-106.37,91.99,8.05
158,Kodiak,1,US,1564016250,57,39.95,-94.76,80.6,4.7
159,Kizukuri,75,JP,1564016252,88,40.81,140.39,82.99,6.93
160,Touros,75,BR,1564016253,94,-5.2,-35.46,73.4,6.93
161,San Rafael,0,AR,1564015979,40,-34.61,-68.33,45.45,9.28
162,Quatre Cocos,75,MU,1564016255,88,-20.21,57.76,69.8,17.22
163,Oeiras do Para,45,BR,1564016257,76,-2.0,-49.85,77.39,1.81
164,Shimoda,20,JP,1564016258,74,34.7,138.93,84.2,13.87
165,Pevek,0,RU,1564016259,80,69.7,170.27,35.63,4.23
166,Gurjaani,0,GE,1564016261,73,41.75,45.79,73.4,23.04
167,Yanam,90,IN,1564016262,89,16.73,82.22,84.2,13.87
168,Port Hardy,90,CA,1564016263,55,50.7,-127.42,66.2,11.41
169,Zyryanovsk,100,KZ,1564016265,95,49.74,84.27,49.25,1.72
170,Ponta do Sol,0,BR,1564016266,69,-20.63,-46.0,61.98,4.79
171,Karasuk,23,RU,1564016267,77,53.73,78.03,59.58,5.82
172,Vila Franca do Campo,40,PT,1564016268,72,37.72,-25.43,66.2,6.93
173,Nalut,0,LY,1564016270,46,31.86,10.98,72.27,7.63
174,Meulaboh,99,ID,1564016145,81,4.14,96.13,80.18,7.74
175,Jesup,1,US,1564016272,69,31.61,-81.89,81.0,4.83
176,New Norfolk,75,AU,1564016273,62,-42.78,147.06,55.99,8.05
177,Nago,0,IT,1564016275,69,45.88,10.89,82.99,2.24
178,Manokwari,33,ID,1564016276,77,-0.87,134.08,77.93,2.95
179,Marzuq,93,YE,1564016277,25,14.4,46.47,85.45,8.63
180,Batagay,97,RU,1564016278,73,67.65,134.64,63.08,2.82
181,Dudinka,0,RU,1564016280,58,69.41,86.18,57.2,29.08
182,Los Corrales de Buelna,90,ES,1564016281,94,43.26,-4.07,73.99,4.7
183,Jamestown,44,AU,1564016083,76,-33.21,138.6,52.98,7.65
184,Liuzhou,18,CN,1564016283,86,24.32,109.41,79.98,1.05
185,Rivers,75,CA,1564016285,61,50.03,-100.23,78.8,9.17
186,Rundu,0,NA,1564016286,30,-17.91,19.77,55.4,2.24
187,Cabo San Lucas,40,MX,1564016234,58,22.89,-109.91,89.01,14.99
188,Noumea,0,NC,1564016288,43,-22.28,166.46,73.4,5.82
189,Vanimo,43,PG,1564016290,78,-2.67,141.3,80.79,5.61
190,Nikki,18,BJ,1564016291,91,9.94,3.21,72.55,4.68
191,Amapa,20,HN,1564016292,66,15.09,-87.97,86.0,13.87
192,Geraldton,20,CA,1564016293,53,49.72,-86.95,77.0,3.36
193,Provideniya,90,RU,1564016295,76,64.42,-173.23,51.8,11.18
194,Kandrian,100,PG,1564016296,67,-6.21,149.55,77.98,12.46
195,Alta Floresta,0,BR,1564016297,73,-9.87,-56.08,71.6,2.98
196,Tucuman,0,PE,1564016299,40,-17.17,-70.89,50.08,6.93
197,Clyde River,75,CA,1564016300,100,70.47,-68.59,39.2,17.22
198,Hambantota,40,LK,1564016301,100,6.12,81.12,77.0,6.93
199,Hanzhong,100,CN,1564016302,77,33.08,107.03,75.51,2.71
200,Lebu,78,ET,1564016304,91,8.96,38.73,54.29,0.65
201,Port Macquarie,86,AU,1564016305,58,-31.43,152.91,69.01,8.05
202,Rumford,20,US,1564016306,82,44.55,-70.55,73.0,4.36
203,Goderich,59,CA,1564016308,67,43.74,-81.71,69.01,4.0
204,Bukachacha,0,RU,1564016309,65,52.99,116.91,59.62,3.18
205,Sarangani,38,PH,1564016310,77,5.4,125.46,79.91,4.21
206,Yar-Sale,0,RU,1564016311,66,66.83,70.83,53.03,12.01
207,Marsabit,97,KE,1564016312,55,2.34,37.99,74.06,24.27
208,Yulara,100,AU,1564016314,40,-25.24,130.99,53.6,2.24
209,San Quintin,100,PH,1564016315,83,17.54,120.52,80.05,2.26
210,Araouane,80,ML,1564016316,46,18.9,-3.53,91.7,22.66
211,Ulladulla,0,AU,1564016317,50,-35.36,150.48,55.4,8.05
212,Dongobesh,0,TZ,1564016319,51,-4.07,35.37,57.6,2.86
213,Snyder,1,US,1564016320,22,32.72,-100.92,88.0,5.82
214,Jumla,100,NP,1564016321,95,29.28,82.18,57.16,0.96
215,Oyama,75,JP,1564016322,83,36.31,139.8,91.99,3.36
216,Veraval,0,FR,1564016324,73,49.65,0.71,75.0,6.93
217,Belaya Gora,97,RU,1564016325,43,68.54,146.19,55.79,2.39
218,Malanje,0,AO,1564016326,88,-9.54,16.35,58.34,3.78
219,Valparaiso,40,US,1564016072,56,41.47,-87.06,77.0,5.82
220,Puerto Narino,0,CO,1564016329,100,-3.77,-70.38,77.0,1.77
221,Coquimbo,40,CL,1564016330,76,-29.95,-71.34,50.0,4.41
222,Champerico,75,MX,1564016331,66,16.38,-93.6,84.2,6.93
223,Bangkalan,90,ID,1564016332,82,-7.05,112.74,72.35,4.45
224,Havre-Saint-Pierre,20,CA,1564016334,82,50.23,-63.6,57.2,8.05
225,Den Helder,90,NL,1564016335,100,52.96,4.76,69.8,1.12
226,Nemuro,75,JP,1564016336,83,43.32,145.57,71.6,9.17
227,Trincomalee,94,LK,1564016338,75,8.58,81.23,78.05,7.94
228,Maragogi,59,BR,1564016339,93,-9.01,-35.22,70.71,5.12
229,Rome,0,IT,1564016340,47,41.89,12.48,80.01,2.24
230,Pangoa,59,PE,1564016341,97,-12.12,-73.0,67.88,2.1
231,Husavik,50,CA,1564016342,41,50.56,-96.99,80.01,7.0
232,Jasper,1,US,1564016344,57,33.83,-87.28,82.0,4.54
233,Aguazul,84,CO,1564016345,98,5.17,-72.55,63.98,1.68
234,Sisimiut,98,GL,1564016346,91,66.94,-53.67,40.79,11.12
235,Cherskiy,100,RU,1564016347,76,68.75,161.3,40.63,9.66
236,Rapid City,90,US,1564016316,64,44.08,-103.23,81.0,13.87
237,Boralday,75,KZ,1564016350,49,43.36,76.86,69.8,4.47
238,Santiago,100,PH,1564016133,82,16.69,121.54,79.35,1.43
239,Juneau,75,US,1564016090,67,58.3,-134.42,62.6,17.22
240,Coihaique,75,CL,1564016353,81,-45.58,-72.07,42.8,9.17
241,Peniche,75,PT,1564016355,94,39.36,-9.38,71.01,3.36
242,Hami,13,CN,1564016356,23,42.84,93.51,77.31,12.48
243,Oum Hadjer,49,TD,1564016357,49,13.3,19.7,86.6,7.0
244,Ibaiti,100,BR,1564016358,91,-23.85,-50.19,62.01,1.01
245,Saint-Augustin,20,CA,1564016360,60,45.63,-73.98,71.6,2.24
246,Tilichiki,97,RU,1564016361,53,60.47,166.1,55.44,16.87
247,Tipuani,100,BO,1564016362,99,-15.56,-68.02,49.32,3.4
248,Moscow,90,RU,1564016101,100,55.75,37.62,59.0,4.47
249,Kot Addu,20,PK,1564016364,63,30.47,70.97,91.4,16.11
250,Kurilsk,100,RU,1564016366,96,45.23,147.88,57.53,12.35
251,Nhulunbuy,75,AU,1564016367,73,-12.18,136.78,77.0,13.87
252,Kloulklubed,75,PW,1564016368,74,7.04,134.26,82.4,8.05
253,Vigrestad,0,NO,1564016369,61,58.57,5.7,77.0,18.34
254,Hibbing,1,US,1564016165,50,47.43,-92.94,80.6,4.7
255,Innisfail,100,AU,1564016372,73,-17.52,146.03,64.0,11.01
256,Poole,0,GB,1564016373,88,50.72,-1.98,66.99,1.12
257,Aleppo,0,SY,1564016374,84,36.2,37.17,66.35,6.33
258,Kondinskoye,0,RU,1564016375,71,59.65,67.41,51.94,9.22
259,Salamiyah,0,SY,1564016377,74,35.01,37.05,67.4,6.71
260,San Policarpo,3,PH,1564016378,83,12.18,125.51,81.17,5.23
261,Port Keats,56,AU,1564016379,39,-14.25,129.55,71.43,10.78
262,Ereymentau,85,KZ,1564016380,67,51.62,73.1,64.23,4.68
263,Rize,75,TR,1564016382,83,41.02,40.52,73.4,8.05
264,Ishigaki,75,JP,1564016383,83,24.34,124.16,84.2,9.17
265,Baltay,46,RU,1564016384,81,52.47,46.63,59.22,8.16
266,Callaway,1,US,1564016386,50,46.98,-95.91,80.6,8.05
267,Spydeberg,0,NO,1564016387,100,59.61,11.09,62.01,4.7
268,Dhing,100,IN,1564016388,92,26.46,92.48,77.39,2.42
269,Temiscaming,75,CA,1564016389,77,46.72,-79.1,68.0,8.05
270,Chapais,90,CA,1564016390,87,49.78,-74.86,57.2,2.24
271,Cururupu,68,BR,1564016392,95,-1.82,-44.87,72.85,2.3
272,Souillac,0,FR,1564016393,61,45.6,-0.6,82.99,4.7
273,Puerto Carreno,40,CO,1564016394,88,6.19,-67.49,78.8,4.61
274,Ban Nahin,100,LA,1564016395,99,18.24,104.21,72.62,1.39
275,Port Blair,100,IN,1564016397,80,11.67,92.75,83.52,19.48
276,Tsiroanomandidy,8,MG,1564016398,77,-18.77,46.05,53.84,1.95
277,Deputatskiy,100,RU,1564016399,47,69.3,139.9,57.33,5.66
278,Saint-Philippe,1,CA,1564016401,68,45.36,-73.48,71.6,6.96
279,Shirokiy,100,RU,1564016402,99,53.87,39.17,61.0,4.56
280,Ancud,50,CL,1564016407,100,-41.87,-73.83,37.4,2.24
281,San Francisco,71,CO,1564016230,99,1.17,-76.88,50.26,0.56
282,Inhambane,0,MZ,1564016415,93,-23.87,35.38,63.92,6.69
283,Guerrero Negro,66,MX,1564016418,74,27.97,-114.04,71.09,11.39
284,Mafra,78,BR,1564016420,88,-26.12,-49.8,60.01,1.01
285,Saint-Georges,0,CA,1564016420,7,46.12,-70.67,61.0,4.56
286,Wamba,56,CD,1564016423,95,2.14,27.99,64.41,0.94
287,Norman Wells,75,CA,1564016425,47,65.28,-126.83,80.6,13.87
288,Suluq,0,LY,1564016426,77,31.67,20.25,78.04,12.46
289,Portland,1,US,1564016214,88,43.66,-70.25,71.01,4.56
290,Shitanjing,0,CN,1564016428,27,39.23,106.34,82.71,13.89
291,San Patricio,100,PY,1564016430,97,-26.98,-56.83,54.11,4.16
292,Kralendijk,40,BQ,1564016431,78,12.15,-68.27,82.4,13.87
293,Port Hueneme,20,US,1564016139,64,34.15,-119.2,97.0,13.87
294,Nador,75,MA,1564016433,78,35.17,-2.93,77.0,2.24
295,Tabou,2,CI,1564016434,90,4.42,-7.36,72.87,1.92
296,Etchoropo,4,MX,1564016436,55,26.77,-109.67,93.0,8.01
297,Faya,0,SA,1564016437,18,18.39,42.45,73.4,2.98
298,Auki,23,NG,1564016438,72,12.18,6.51,77.5,9.15
299,Doha,2,QA,1564016439,84,25.29,51.53,91.4,4.7
300,Havelock,20,US,1564016231,74,34.88,-76.9,79.0,9.17
301,Flinders,0,AU,1564016442,50,-34.58,150.85,62.01,8.05
302,Prince George,20,CA,1564016203,35,53.92,-122.75,72.0,11.41
303,Kununurra,28,AU,1564016444,20,-15.77,128.74,77.0,8.05
304,Atambua,36,ID,1564016445,66,-9.11,124.89,75.03,12.73
305,Udachnyy,40,RU,1564016447,45,66.42,112.4,66.2,2.24
306,Yerbogachen,69,RU,1564016448,53,61.28,108.01,68.55,4.81
307,Huron,20,US,1564016449,61,44.36,-98.21,78.8,10.29
308,Tynda,100,RU,1564016450,91,55.15,124.74,47.26,4.61
309,Grindavik,0,IS,1564016452,87,63.84,-22.43,54.0,12.75
310,Kathu,0,ZA,1564016453,68,-27.7,23.05,34.0,4.29
311,Coahuayana,51,MX,1564016454,75,18.62,-100.35,81.49,1.57
312,Viedma,0,AR,1564016455,36,-40.81,-62.99,45.02,9.57
313,Karratha,3,AU,1564016457,41,-20.74,116.85,69.66,7.07
314,Traralgon,9,AU,1564016458,75,-38.19,146.54,55.0,13.0
315,Livramento,0,BR,1564016459,58,-3.03,-60.18,84.2,5.82
316,Bengbu,86,CN,1564016460,64,32.92,117.38,89.25,13.04
317,Sangmelima,91,CM,1564016462,99,2.93,11.98,67.15,2.77
318,Hofn,100,IS,1564016463,97,64.25,-15.21,39.96,12.53
319,Lamas,20,PE,1564016464,290,-6.42,-76.52,62.6,2.24
320,Dunda,90,IN,1564016465,100,30.62,78.32,77.0,3.36
321,Inirida,84,CO,1564016467,96,3.87,-67.92,73.82,1.92
322,Tigil,14,RU,1564016468,41,57.8,158.67,61.51,10.78
323,Castro,35,CL,1564016469,100,-42.48,-73.76,37.4,2.24
324,Baculin,45,PH,1564016470,66,7.45,126.58,79.93,1.57
325,Rajgarh,100,IN,1564016471,75,24.01,76.73,82.55,7.43
326,Beringovskiy,95,RU,1564016473,67,63.05,179.32,51.18,4.0
327,Slavuta,0,UA,1564016474,93,50.3,26.87,58.38,5.97
328,Rathkeale,75,IE,1564016475,82,52.52,-8.94,66.2,18.34
329,Arawa,24,ID,1564016477,72,-3.93,119.75,79.53,16.31
330,Sayat,0,TM,1564016478,30,38.78,63.88,84.2,9.17
331,Fortuna,1,US,1564016479,72,40.6,-124.16,66.99,10.29
332,Sicamous,90,CA,1564016480,77,50.84,-118.99,73.0,4.7
333,Rajampet,100,IN,1564016481,81,14.19,79.16,76.2,4.0
334,Brigantine,1,US,1564016483,69,39.41,-74.36,75.2,4.7
335,Sola,46,TZ,1564016484,30,-3.17,33.8,69.54,5.28
336,Kalmunai,92,LK,1564016485,80,7.42,81.82,75.89,2.86
337,Caohai,90,CN,1564016487,89,26.87,104.28,61.71,2.15
338,Kefamenanu,31,ID,1564016488,38,-9.45,124.48,76.25,0.54
339,Mount Isa,81,AU,1564016489,20,-20.73,139.49,73.4,11.41
340,Anadyr,75,RU,1564016490,81,64.73,177.51,51.8,6.71
341,Mareeba,40,AU,1564016492,57,-16.99,145.42,75.2,21.92
342,Changji,98,CN,1564016493,75,32.07,116.17,86.39,5.35
343,Severo-Yeniseyskiy,100,RU,1564016494,62,60.37,93.04,57.06,1.54
344,Kungurtug,98,RU,1564016495,93,50.6,97.53,54.13,2.57
345,Yanliang,0,CN,1564016496,83,34.66,109.22,78.8,4.47
346,Bensonville,75,LR,1564016498,94,6.45,-10.61,75.2,7.54
347,Bandarbeyla,89,SO,1564016499,62,9.49,50.81,77.93,30.6
348,Ikare,25,NG,1564016500,99,7.49,5.23,70.8,2.66
349,Pierre,1,US,1564016502,61,44.37,-100.35,78.8,18.34
350,Magadan,1,RU,1564016503,74,59.56,150.8,54.58,4.45
351,Luocheng,68,CN,1564016504,74,28.29,114.55,82.71,1.99
352,Sorland,100,NO,1564016505,95,67.67,12.69,55.03,6.35
353,Davidson,80,CA,1564016507,51,51.26,-105.98,84.99,4.0
354,Bayan,0,CN,1564016508,59,36.1,102.26,55.28,0.96
355,Chuy,100,UY,1564016509,78,-33.69,-53.46,52.13,12.53
356,College,40,US,1564016510,44,64.86,-147.8,79.0,8.05
357,Coacalco,11,MX,1564016512,66,18.07,-98.67,80.3,2.44
358,Carutapera,8,BR,1564016513,87,-1.2,-46.02,76.76,4.92
359,Macomb,1,US,1564016363,57,40.46,-90.67,82.4,3.8
360,Imeni Poliny Osipenko,100,RU,1564016515,68,52.42,136.49,52.49,4.25
361,Tessalit,100,ML,1564016516,49,20.2,1.01,85.34,13.42
362,Tayga,1,RU,1564016518,84,64.77,43.49,53.36,3.38
363,Hualmay,27,PE,1564016519,86,-11.1,-77.61,61.17,21.63
364,Oktyabrskiy,75,RU,1564016521,93,55.61,37.97,64.0,1.88
365,Te Anau,96,NZ,1564016522,76,-45.41,167.72,43.92,1.72
366,Surt,0,LY,1564016411,76,31.21,16.59,79.4,7.72
367,Sao Joao da Barra,0,BR,1564016524,95,-21.64,-41.05,66.05,0.49
368,Kaura Namoda,1,NG,1564016525,64,12.59,6.58,80.09,9.13
369,Mildura,75,AU,1564016414,58,-34.18,142.16,59.0,9.17
370,Shelburne,1,CA,1564016528,53,44.08,-80.2,73.4,9.17
371,Saint-Pierre,0,FR,1564016529,50,48.95,4.24,77.0,3.36
372,Charleston,40,US,1564016530,83,32.79,-79.94,80.6,5.23
373,Whitehorse,75,CA,1564016531,67,60.72,-135.06,59.0,8.05
374,Nouadhibou,75,MR,1564016533,88,20.93,-17.03,68.0,14.99
375,Solton,100,RU,1564016534,98,52.84,86.48,57.93,5.86
376,Alofi,40,NU,1564016535,69,-19.06,-169.92,77.0,8.05
377,Uyemskiy,20,RU,1564016536,100,64.47,40.85,50.0,2.24
378,Waiuku,85,NZ,1564016538,87,-37.25,174.73,60.01,6.93
379,Mabaruma,32,GY,1564016539,97,8.2,-59.78,73.39,1.99
380,Leshukonskoye,0,RU,1564016540,82,64.9,45.76,53.65,2.8
381,Boguchany,100,RU,1564016541,97,58.38,97.46,61.15,1.74
382,Inuvik,75,CA,1564016542,39,68.36,-133.71,78.8,13.87
383,Half Moon Bay,1,US,1564016544,82,37.46,-122.43,89.01,13.87
384,Rincon,75,PA,1564016545,88,8.46,-82.28,77.0,6.93
385,Hvide Sande,2,DK,1564016546,82,56.01,8.13,68.0,6.93
386,Darnah,0,LY,1564016547,88,32.77,22.64,77.78,15.97
387,Powell River,40,CA,1564016549,53,49.84,-124.52,73.0,11.41
388,La Rioja,62,AR,1564016550,62,-29.41,-66.86,39.7,3.31
389,Ahipara,100,NZ,1564016551,69,-35.17,173.16,56.22,12.44
390,Guane,3,CU,1564016553,68,22.2,-84.09,84.84,7.61
391,Rantepao,94,ID,1564016554,91,-2.97,119.9,61.11,2.77
392,Mehamn,99,NO,1564016555,96,71.03,27.85,49.99,14.79
393,High Rock,75,BS,1564016556,88,26.63,-78.28,77.0,23.04
394,Gijon,20,ES,1564016558,100,43.54,-5.66,69.01,1.12
395,Sault Sainte Marie,1,CA,1564016559,64,46.49,-84.36,69.8,5.82
396,Richards Bay,0,ZA,1564016560,63,-28.77,32.06,63.55,10.16
397,Swan River,60,CA,1564016561,69,52.11,-101.27,76.38,6.69
398,Pilot Butte,20,CA,1564016563,69,50.48,-104.42,81.0,21.92
399,Palmer,75,AU,1564016564,71,-34.85,139.16,60.01,12.75
400,Cooma,0,AU,1564016384,69,-36.24,149.13,39.2,9.17
401,Tarakan,96,ID,1564016566,91,3.3,117.63,75.68,6.49
402,Amarwara,100,IN,1564016568,78,22.3,79.17,75.59,5.3
403,Luderitz,0,NA,1564016569,76,-26.65,15.16,51.8,6.93
404,Dongying,40,CN,1564016547,44,37.43,118.67,90.15,1.41
405,Byron Bay,90,AU,1564016572,64,-28.65,153.62,72.0,11.41
406,Tuy Hoa,93,VN,1564016573,76,13.08,109.3,78.05,9.82
407,Gat,20,SN,1564016574,83,14.69,-16.54,82.4,9.17
408,Taksimo,75,RU,1564016576,59,56.36,114.84,63.89,4.36
409,Mecca,1,SA,1564016402,37,21.43,39.83,81.36,5.14
410,Nova Prata,100,BR,1564016578,99,-28.78,-51.61,57.99,3.0
411,Nizhniy Baskunchak,14,RU,1564016579,50,48.22,46.83,72.62,1.28
412,Coventry,0,GB,1564016581,82,52.41,-1.51,69.01,5.82
413,Buala,98,SB,1564016582,70,-8.15,159.59,82.39,8.3
414,Mwinilunga,14,ZM,1564016583,31,-11.73,24.43,53.19,4.92
415,Vestmannaeyjar,96,IS,1564016584,84,63.44,-20.27,54.58,3.31
416,Kassala,1,SD,1564016586,61,15.45,36.38,84.46,16.49
417,Hay River,75,CA,1564016587,64,60.82,-115.79,69.8,8.05
418,Mackay,90,CA,1564016588,93,53.65,-115.58,55.4,21.92
419,Cayenne,40,GF,1564016326,94,4.94,-52.33,75.2,3.85
420,Palu,53,ID,1564016590,84,-0.9,119.87,77.55,1.83
421,Pandan,55,PH,1564016592,79,11.72,122.09,82.18,11.72
422,Nizhniy Tsasuchey,0,RU,1564016593,57,50.52,115.13,63.56,4.5
423,Ulaangom,99,MN,1564016594,49,49.98,92.07,66.25,2.46
424,Santander Jimenez,99,MX,1564016595,56,24.22,-98.47,83.33,10.4
425,Gambela,60,ET,1564016597,89,8.25,34.59,66.51,4.63
426,Novikovo,2,RU,1564016598,96,51.15,37.89,56.7,4.79
427,Edzell,100,GB,1564016600,82,56.81,-2.65,62.6,5.82
428,Celestun,100,MX,1564016601,81,20.87,-90.4,81.65,10.87
429,Dolores,100,UY,1564016603,79,-33.53,-58.22,48.99,11.01
430,Yeppoon,6,AU,1564016604,28,-23.13,150.74,73.4,8.05
431,Tornio,0,FI,1564016605,82,61.12,27.27,64.0,5.82
432,Moate,100,IE,1564016607,90,53.4,-7.72,64.0,8.01
433,Ixtapa,90,MX,1564016608,54,20.71,-105.21,84.2,3.36
434,Ketchikan,40,US,1564016609,63,55.34,-131.65,64.4,17.22
435,Nouakchott,20,MR,1564016610,78,18.08,-15.98,75.2,12.75
436,Antigonish,90,CA,1564016612,93,45.62,-61.99,66.99,3.36
437,Axim,3,GH,1564016613,90,4.87,-2.24,75.12,6.64
438,Itarema,70,BR,1564016614,81,-2.92,-39.92,76.63,8.1
439,Tocopilla,99,CL,1564016409,72,-22.09,-70.2,55.84,9.4
440,Iquique,75,CL,1564016617,67,-20.22,-70.14,59.0,13.87
441,Klaksvik,56,FO,1564016618,100,62.23,-6.59,51.8,10.29
442,Takhtamygda,100,RU,1564016619,98,54.1,123.57,46.41,5.08
443,Orleans,99,BR,1564016504,98,-28.36,-49.29,61.33,2.08
444,Alice Springs,0,AU,1564016622,37,-23.7,133.88,59.0,4.7
445,Berkovica,0,BA,1564016623,92,44.62,18.43,64.12,3.02
446,Lagoa,0,PT,1564016624,47,37.14,-8.45,77.0,4.7
447,Bambous Virieux,75,MU,1564016625,88,-20.34,57.76,69.8,17.22
448,Dukat,0,AL,1564016627,41,40.25,19.57,80.01,4.99
449,Teya,75,MX,1564016628,70,21.05,-89.07,84.2,6.93
450,Arinos,26,BR,1564016629,78,-15.92,-46.11,63.17,1.66
451,Presidencia Roque Saenz Pena,100,AR,1564016630,93,-26.79,-60.44,43.67,9.4
452,Sedam,100,IN,1564016632,85,17.18,77.28,75.33,8.48
453,Hakkari,0,FI,1564016633,87,61.34,23.75,59.0,1.12
454,Fairlie,1,US,1564016634,33,33.31,-95.96,86.0,4.7
455,Coolum Beach,0,AU,1564016635,72,-26.53,153.09,72.0,5.01
456,Daru,77,PG,1564016636,71,-9.07,143.21,75.37,9.71
457,Aksarka,0,RU,1564016638,65,66.56,67.8,50.35,6.8
458,Lasa,0,CY,1564016639,64,34.92,32.53,75.2,6.93
459,Saraland,1,US,1564016640,51,30.82,-88.07,84.2,9.17
460,Kudahuvadhoo,25,MV,1564016642,64,2.67,72.89,83.09,2.21
461,Honjo,75,JP,1564016643,83,39.38,140.05,80.6,5.82
462,Sunrise Manor,75,US,1564016452,22,36.21,-115.07,100.4,8.05
463,Walvis Bay,1,NA,1564016646,87,-22.95,14.51,57.2,6.93
464,Kaitong,26,CN,1564016648,70,44.81,123.15,67.29,7.18
465,Tura,96,RU,1564016649,51,64.27,100.22,69.9,1.1
466,Naze,96,NG,1564016650,97,5.43,7.07,73.25,3.67
467,Buenos Aires,0,AR,1564016547,66,-34.61,-58.44,51.01,9.17
468,Kondagaon,100,IN,1564016652,92,19.59,81.66,73.84,3.27
469,Puerto del Rosario,0,ES,1564016654,83,28.5,-13.86,71.6,10.29
470,Biak,99,ID,1564016655,84,-0.91,122.88,65.74,4.9
471,Matagami,46,NG,1564016656,96,9.67,8.4,69.2,2.33
472,Sal Rei,75,CV,1564016657,78,16.18,-22.92,77.0,8.05
473,Tongchuan,0,CN,1564016659,83,34.9,108.95,78.8,4.47
474,Barahona,53,DO,1564016479,84,18.21,-71.1,74.74,6.64
475,Nizhnevartovsk,90,RU,1564016661,87,60.93,76.58,59.0,2.24
476,Hasaki,75,JP,1564016662,79,35.73,140.83,86.0,3.36
477,Kieta,100,PG,1564016664,65,-6.22,155.63,81.6,6.64
478,Kilindoni,0,TZ,1564016665,71,-7.91,39.67,76.79,18.88
479,Alyangula,55,AU,1564016666,57,-13.85,136.42,78.8,5.82
480,Tumpat,75,MY,1564016441,88,6.2,102.17,77.0,3.36
481,Marienburg,0,DE,1564016668,64,52.12,9.98,77.0,8.05
482,Huarmey,58,PE,1564016670,87,-10.07,-78.15,61.71,23.55
483,Maracaibo,75,CO,1564016671,69,3.41,-75.78,77.0,10.29
484,Yeniseysk,98,RU,1564016672,65,58.45,92.17,59.31,6.38
485,Zhigansk,100,RU,1564016673,37,66.77,123.37,74.9,11.18
486,Ilulissat,75,GL,1564016675,81,69.22,-51.1,44.6,5.82
487,Tiangua,42,BR,1564016676,64,-3.73,-40.99,74.85,1.39
488,Saint Anthony,1,US,1564016677,21,43.97,-111.68,87.8,19.46
489,Ayan,0,IR,1564016678,41,38.23,44.7,55.86,4.85
490,Salta,90,AR,1564016598,86,-24.79,-65.41,44.6,3.36
491,Sept-Iles,20,CA,1564016681,51,50.2,-66.38,63.0,5.82
492,Komsomolskiy,67,RU,1564016682,64,67.55,63.78,48.64,2.98
493,The Pas,75,CA,1564016683,54,53.82,-101.24,78.8,10.29
494,Nishihara,75,JP,1564016684,79,35.74,139.53,89.01,9.17
495,Avera,1,US,1564016686,61,33.19,-82.53,84.2,4.7
496,Pangnirtung,83,CA,1564016687,60,66.15,-65.72,50.22,5.35
497,Lerwick,82,GB,1564016688,100,60.15,-1.15,59.0,7.76
498,Sterling,75,US,1564016628,60,39.0,-77.4,75.0,8.05
499,Bella Union,100,CO,1564016691,92,8.5,-73.35,67.79,5.73
500,Tabory,0,PL,1564016692,91,53.89,19.53,66.0,3.22
501,Ucluelet,40,CA,1564016627,82,48.94,-125.55,73.0,6.93
502,Fort Nelson,90,CA,1564016694,87,58.81,-122.69,60.8,9.17
503,Beloha,0,MG,1564016695,90,-25.17,45.06,60.02,4.45
504,Hrodna,0,BY,1564016697,94,53.68,23.83,63.0,4.18
505,Luganville,75,VU,1564016698,69,-15.51,167.18,77.0,11.41
506,Panguipulli,0,CL,1564016699,100,-39.64,-72.33,42.01,2.24
507,Soldotna,75,US,1564016701,77,60.48,-151.07,63.0,9.17
508,Bonthe,89,SL,1564016702,87,7.53,-12.5,75.68,5.79
509,Tezu,100,IN,1564016703,98,27.93,96.16,70.4,1.32
510,Uvinza,0,TZ,1564016704,93,-5.1,30.39,62.66,2.06
511,Nantong,100,CN,1564016706,41,31.98,120.89,97.0,6.87
512,Hovd,0,NO,1564016707,93,63.83,10.7,68.0,5.82
513,Camacha,40,PT,1564016708,88,33.08,-16.33,73.4,9.17
514,Nelson Bay,20,AU,1564016710,54,-32.72,152.14,63.0,9.17
515,Awbari,0,LY,1564016711,19,26.59,12.77,80.57,10.25
516,Balotra,99,IN,1564016712,65,25.83,72.24,85.11,16.84
517,Le Port,0,FR,1564016713,29,42.87,1.37,80.01,4.0
518,Kuruman,0,ZA,1564016714,68,-27.46,23.43,34.0,5.41
519,Burley,1,US,1564016541,26,42.54,-113.79,87.8,9.17
520,Omboue,9,GA,1564016717,86,-1.57,9.26,73.88,12.01
521,Valle de Allende,83,MX,1564016718,33,26.94,-105.39,80.88,10.04
522,Sorong,87,ID,1564016719,88,-0.86,131.25,77.96,8.1
523,Priladozhskiy,40,RU,1564016721,72,59.85,31.48,60.8,6.71
524,Garissa,0,KE,1564016722,64,-0.46,39.64,69.4,13.4
525,Lydenburg,0,ZA,1564016723,91,-25.1,30.46,51.01,2.51
526,Bowen,44,AU,1564016725,64,-20.01,148.25,77.0,5.82
527,Elwood,1,US,1564016726,54,40.59,-99.86,80.6,13.87
528,Valentin Gomez Farias,90,MX,1564016727,60,24.05,-104.7,70.0,4.7
529,Taoudenni,68,ML,1564016728,28,22.68,-3.98,92.81,5.12
530,Namatanai,100,PG,1564016730,84,-3.66,152.44,77.84,23.17
531,Makakilo City,40,US,1564016547,48,21.35,-158.09,89.6,13.87
532,Maracas,20,TT,1564016732,74,10.76,-61.44,82.4,14.58
533,Torbat-e Jam,0,IR,1564016733,29,35.24,60.63,74.13,13.82
534,Storforshei,10,NO,1564016734,93,66.4,14.52,57.99,1.92
535,Wadi Musa,0,JO,1564016736,47,30.32,35.48,69.29,3.2
536,Hollins,40,US,1564016737,77,37.35,-79.95,75.2,1.03
537,Santa Cruz,8,BR,1564016738,85,-6.22,-36.02,70.1,13.0
538,Ostrovnoy,93,RU,1564016739,79,68.05,39.51,55.14,20.11
539,Ilovlya,40,RU,1564016741,68,49.31,43.98,69.8,8.95
540,Caravelas,15,BR,1564016742,86,-17.73,-39.27,72.4,6.67
541,Haines Junction,100,CA,1564016743,49,60.75,-137.51,59.22,8.52
542,Mount Darwin,0,ZW,1564016744,54,-16.77,31.58,47.88,2.17
543,Pangai,75,TO,1564016746,57,-19.8,-174.35,77.0,5.82
544,Outjo,0,NA,1564016747,17,-20.11,16.16,57.2,3.36
545,Luanda,63,AO,1564016748,94,-8.83,13.24,68.0,5.82
546,Comodoro Rivadavia,0,AR,1564016749,61,-45.87,-67.48,48.2,5.82
547,Dole,0,FR,1564016751,57,47.09,5.49,75.2,3.36
548,North Bend,1,US,1564016708,68,43.41,-124.22,84.99,21.92
549,Khani,90,GE,1564016753,100,41.96,42.96,71.6,3.36
550,Rushden,87,GB,1564016755,68,52.29,-0.6,68.0,4.7
